Model,Mean Accuracy,Standard Deviation
Logistic Regression,0.7251404160599028,0.004044629790517339
k-NN,0.7855399347664443,0.0029414088655585397
Random Forest,0.8319018788499319,0.002648356434711059
Decision Tree,0.8437376665581816,0.0016745190951743384
SVM,0.727123934253318,0.0038672609966703816
