Model,Mean Accuracy,Standard Deviation
Logistic Regression,0.7251404160599028,0.004044629790517339
k-NN,0.7855399347664443,0.0029414088655585397
Random Forest,0.831771091034781,0.0027490897278307294
Decision Tree,0.8439992255593909,0.0018860028589146244
SVM,0.727123934253318,0.0038672609966703816
