Model,Mean Accuracy,Standard Deviation
Logistic Regression,0.7251404160599028,0.004044629790517339
k-NN,0.7855399347664443,0.0029414088655585397
Random Forest,0.8315967326208163,0.00229364516556002
Decision Tree,0.8436722785895678,0.0018343228502841423
SVM,0.727123934253318,0.0038672609966703816
